name,path,accuracy,profile,is_baseline,latency_p50_ms,latency_p90_ms,latency_mean_ms,latency_std_ms,throughput_ips,backend,ts_csv
EnergyNet_10107_109_225,/home/xiaolong/Downloads/GreenAuto/model_search_results/models/EnergyNet_10107_109_225.tflite,0.9218,0_1,False,189.156,190.8478,189.35519211822657,2.6674473540701618,5.286641713717778,CPU,latency_acc_live/EnergyNet_10107_109_225_inference_time.csv
EnergyNet_10119_121_145,/home/xiaolong/Downloads/GreenAuto/model_search_results/models/EnergyNet_10119_121_145.tflite,0.6809,0_1,False,1.692,1.8641,1.696781707317073,0.11116962388680574,591.016548463357,CPU,latency_acc_live/EnergyNet_10119_121_145_inference_time.csv
EnergyNet_10155_157_145,/home/xiaolong/Downloads/GreenAuto/model_search_results/models/EnergyNet_10155_157_145.tflite,0.767,0_1,False,2.081,2.157,2.093673621460507,0.11649233565739349,480.5382027871216,CPU,latency_acc_live/EnergyNet_10155_157_145_inference_time.csv
EnergyNet_1017_1018_53,/home/xiaolong/Downloads/GreenAuto/model_search_results/models/EnergyNet_1017_1018_53.tflite,0.1,0_1,False,0.697,0.722,0.6981084598698482,0.03706548923759033,1434.7202295552368,CPU,latency_acc_live/EnergyNet_1017_1018_53_inference_time.csv
EnergyNet_10192_194_145,/home/xiaolong/Downloads/GreenAuto/model_search_results/models/EnergyNet_10192_194_145.tflite,0.6544,0_1,False,2.095,2.221,2.10832905982906,0.16767698472601536,477.326968973747,CPU,latency_acc_live/EnergyNet_10192_194_145_inference_time.csv
EnergyNet_10217_219_145,/home/xiaolong/Downloads/GreenAuto/model_search_results/models/EnergyNet_10217_219_145.tflite,0.7705,0_1,False,1.826,1.8717000000000001,1.81171834625323,0.07889197631559805,547.6451259583789,CPU,latency_acc_live/EnergyNet_10217_219_145_inference_time.csv
EnergyNet_10337_339_145,/home/xiaolong/Downloads/GreenAuto/model_search_results/models/EnergyNet_10337_339_145.tflite,0.7838,0_1,False,2.883,3.102,2.918079429735234,0.1370752383990614,346.860908775581,CPU,latency_acc_live/EnergyNet_10337_339_145_inference_time.csv
EnergyNet_1039_1040_157,/home/xiaolong/Downloads/GreenAuto/model_search_results/models/EnergyNet_1039_1040_157.tflite,0.6875,0_1,False,0.411,0.441,0.4152175414364641,0.042739966630153385,2433.0900243309,CPU,latency_acc_live/EnergyNet_1039_1040_157_inference_time.csv
EnergyNet_10510_49_145,/home/xiaolong/Downloads/GreenAuto/model_search_results/models/EnergyNet_10510_49_145.tflite,0.7743,0_1,False,2.584,2.667,2.587774954627949,0.10226241194706022,386.9969040247678,CPU,latency_acc_live/EnergyNet_10510_49_145_inference_time.csv
EnergyNet_10586_125_61,/home/xiaolong/Downloads/GreenAuto/model_search_results/models/EnergyNet_10586_125_61.tflite,0.1,0_1,False,0.289,0.301,0.2858618438944792,0.03329565196356199,3460.2076124567475,CPU,latency_acc_live/EnergyNet_10586_125_61_inference_time.csv
EnergyNet_10595_134_145,/home/xiaolong/Downloads/GreenAuto/model_search_results/models/EnergyNet_10595_134_145.tflite,0.6681,0_1,False,1.454,1.516,1.457855923159018,0.08224985718572406,687.757909215956,CPU,latency_acc_live/EnergyNet_10595_134_145_inference_time.csv
EnergyNet_10630_27_225,/home/xiaolong/Downloads/GreenAuto/model_search_results/models/EnergyNet_10630_27_225.tflite,0.8861,0_1,False,36.516,39.4658,36.9106338028169,2.0282224987405293,27.385255778288972,CPU,latency_acc_live/EnergyNet_10630_27_225_inference_time.csv
EnergyNet_10732_129_145,/home/xiaolong/Downloads/GreenAuto/model_search_results/models/EnergyNet_10732_129_145.tflite,0.7956,0_1,False,1.865,1.9234,1.8403698811096432,0.09126036926147163,536.1930294906166,CPU,latency_acc_live/EnergyNet_10732_129_145_inference_time.csv
EnergyNet_10760_157_225,/home/xiaolong/Downloads/GreenAuto/model_search_results/models/EnergyNet_10760_157_225.tflite,0.8481,0_1,False,61.5065,65.2171,61.9754375,2.2051560811533495,16.25844422947168,CPU,latency_acc_live/EnergyNet_10760_157_225_inference_time.csv
EnergyNet_10794_191_145,/home/xiaolong/Downloads/GreenAuto/model_search_results/models/EnergyNet_10794_191_145.tflite,0.7161,0_1,False,0.654,0.7024,0.6635405268490374,0.07934748536382454,1529.051987767584,CPU,latency_acc_live/EnergyNet_10794_191_145_inference_time.csv
EnergyNet_10827_224_145,/home/xiaolong/Downloads/GreenAuto/model_search_results/models/EnergyNet_10827_224_145.tflite,0.7876,0_1,False,1.829,1.877,1.8417253613666227,0.11118673901897481,546.7468562055768,CPU,latency_acc_live/EnergyNet_10827_224_145_inference_time.csv
EnergyNet_10940_337_145,/home/xiaolong/Downloads/GreenAuto/model_search_results/models/EnergyNet_10940_337_145.tflite,0.8038,0_1,False,1.579,1.647,1.5829667812142036,0.1644831400596007,633.3122229259025,CPU,latency_acc_live/EnergyNet_10940_337_145_inference_time.csv
EnergyNet_11022_419_145,/home/xiaolong/Downloads/GreenAuto/model_search_results/models/EnergyNet_11022_419_145.tflite,0.7689,0_1,False,2.665,2.7584,2.6782163187855788,0.19896261002787735,375.234521575985,CPU,latency_acc_live/EnergyNet_11022_419_145_inference_time.csv
EnergyNet_1106_1107_9,/home/xiaolong/Downloads/GreenAuto/model_search_results/models/EnergyNet_1106_1107_9.tflite,0.2434,0_1,False,0.592,0.614,0.5931882629107981,0.029158442890836998,1689.1891891891892,CPU,latency_acc_live/EnergyNet_1106_1107_9_inference_time.csv
EnergyNet_11130_527_145,/home/xiaolong/Downloads/GreenAuto/model_search_results/models/EnergyNet_11130_527_145.tflite,0.6617,0_1,False,0.963,1.004,0.9588445747800587,0.05723300276470167,1038.4215991692627,CPU,latency_acc_live/EnergyNet_11130_527_145_inference_time.csv
EnergyNet_11178_575_145,/home/xiaolong/Downloads/GreenAuto/model_search_results/models/EnergyNet_11178_575_145.tflite,0.681,0_1,False,0.837,0.873,0.8441957070707071,0.06919947802800637,1194.7431302270013,CPU,latency_acc_live/EnergyNet_11178_575_145_inference_time.csv
EnergyNet_11196_593_225,/home/xiaolong/Downloads/GreenAuto/model_search_results/models/EnergyNet_11196_593_225.tflite,0.8841,0_1,False,36.5405,39.6635,36.92392056074766,1.7406684338187852,27.366894268003996,CPU,latency_acc_live/EnergyNet_11196_593_225_inference_time.csv
EnergyNet_11229_626_1,/home/xiaolong/Downloads/GreenAuto/model_search_results/models/EnergyNet_11229_626_1.tflite,0.2758,0_1,False,0.585,0.608,0.5885290858725761,0.034004777158758416,1709.4017094017095,CPU,latency_acc_live/EnergyNet_11229_626_1_inference_time.csv
EnergyNet_1125_1126_65,/home/xiaolong/Downloads/GreenAuto/model_search_results/models/EnergyNet_1125_1126_65.tflite,0.4467,0_1,False,1.529,1.577,1.5414441964285714,0.1014378284796934,654.0222367560498,CPU,latency_acc_live/EnergyNet_1125_1126_65_inference_time.csv
EnergyNet_11298_695_145,/home/xiaolong/Downloads/GreenAuto/model_search_results/models/EnergyNet_11298_695_145.tflite,0.6477,0_1,False,1.875,1.9517,1.8745885558583104,0.10852460979751054,533.3333333333334,CPU,latency_acc_live/EnergyNet_11298_695_145_inference_time.csv
EnergyNet_11428_825_145,/home/xiaolong/Downloads/GreenAuto/model_search_results/models/EnergyNet_11428_825_145.tflite,0.804,0_1,False,1.886,1.946,1.8784748982360924,0.12787370691204097,530.2226935312832,CPU,latency_acc_live/EnergyNet_11428_825_145_inference_time.csv
EnergyNet_11436_833_145,/home/xiaolong/Downloads/GreenAuto/model_search_results/models/EnergyNet_11436_833_145.tflite,0.7226,0_1,False,0.6425000000000001,0.691,0.6458310139165009,0.0693448127406914,1556.420233463035,CPU,latency_acc_live/EnergyNet_11436_833_145_inference_time.csv
EnergyNet_11450_847_145,/home/xiaolong/Downloads/GreenAuto/model_search_results/models/EnergyNet_11450_847_145.tflite,0.5981,0_1,False,2.371,2.435,2.3770896785109987,0.07402974486837947,421.76296921130324,CPU,latency_acc_live/EnergyNet_11450_847_145_inference_time.csv
EnergyNet_11471_868_145,/home/xiaolong/Downloads/GreenAuto/model_search_results/models/EnergyNet_11471_868_145.tflite,0.801,0_1,False,1.594,1.7936,1.6174528521536669,0.12229615783737334,627.3525721455458,CPU,latency_acc_live/EnergyNet_11471_868_145_inference_time.csv
EnergyNet_11610_1007_145,/home/xiaolong/Downloads/GreenAuto/model_search_results/models/EnergyNet_11610_1007_145.tflite,0.6698,0_1,False,1.658,1.7266000000000001,1.6569963636363636,0.10544577229964115,603.1363088057901,CPU,latency_acc_live/EnergyNet_11610_1007_145_inference_time.csv
EnergyNet_11614_1011_225,/home/xiaolong/Downloads/GreenAuto/model_search_results/models/EnergyNet_11614_1011_225.tflite,0.8479,0_1,False,373.86400000000003,377.4164,378.42589603960397,53.53548078503856,2.6747694348747135,CPU,latency_acc_live/EnergyNet_11614_1011_225_inference_time.csv
EnergyNet_11629_1026_145,/home/xiaolong/Downloads/GreenAuto/model_search_results/models/EnergyNet_11629_1026_145.tflite,0.6515,0_1,False,1.0335,1.1373,1.0525433753943219,0.07135866341326202,967.5858732462506,CPU,latency_acc_live/EnergyNet_11629_1026_145_inference_time.csv
EnergyNet_11661_1058_145,/home/xiaolong/Downloads/GreenAuto/model_search_results/models/EnergyNet_11661_1058_145.tflite,0.7461,0_1,False,2.358,2.4294,2.3560820770519264,0.08402957701173608,424.0882103477523,CPU,latency_acc_live/EnergyNet_11661_1058_145_inference_time.csv
EnergyNet_11851_1248_145,/home/xiaolong/Downloads/GreenAuto/model_search_results/models/EnergyNet_11851_1248_145.tflite,0.7503,0_1,False,2.393,2.464,2.4051600688468158,0.1624630878961089,417.8854993731718,CPU,latency_acc_live/EnergyNet_11851_1248_145_inference_time.csv
EnergyNet_11876_1273_145,/home/xiaolong/Downloads/GreenAuto/model_search_results/models/EnergyNet_11876_1273_145.tflite,0.7695,0_1,False,2.591,2.6705,2.5949142335766426,0.08086147667798296,385.95137012736393,CPU,latency_acc_live/EnergyNet_11876_1273_145_inference_time.csv
EnergyNet_11890_1287_145,/home/xiaolong/Downloads/GreenAuto/model_search_results/models/EnergyNet_11890_1287_145.tflite,0.7595,0_1,False,2.091,2.149,2.087673621460507,0.08925917589536604,478.2400765184122,CPU,latency_acc_live/EnergyNet_11890_1287_145_inference_time.csv
EnergyNet_12134_1531_145,/home/xiaolong/Downloads/GreenAuto/model_search_results/models/EnergyNet_12134_1531_145.tflite,0.7615,0_1,False,2.096,2.334,2.0955081967213114,0.1504625540995731,477.09923664122135,CPU,latency_acc_live/EnergyNet_12134_1531_145_inference_time.csv
EnergyNet_12158_1555_145,/home/xiaolong/Downloads/GreenAuto/model_search_results/models/EnergyNet_12158_1555_145.tflite,0.778,0_1,False,2.678,2.9208000000000003,2.709700952380952,0.14602093815629782,373.4129947722181,CPU,latency_acc_live/EnergyNet_12158_1555_145_inference_time.csv
EnergyNet_12167_1564_145,/home/xiaolong/Downloads/GreenAuto/model_search_results/models/EnergyNet_12167_1564_145.tflite,0.8113,0_1,False,1.918,1.9802,1.9239986282578876,0.08041121166281036,521.376433785193,CPU,latency_acc_live/EnergyNet_12167_1564_145_inference_time.csv
EnergyNet_12167_1564_225,/home/xiaolong/Downloads/GreenAuto/model_search_results/models/EnergyNet_12167_1564_225.tflite,0.9141,0_1,False,212.029,214.6066,213.48408866995075,20.382422780329094,4.716335972909366,CPU,latency_acc_live/EnergyNet_12167_1564_225_inference_time.csv
EnergyNet_12186_1583_145,/home/xiaolong/Downloads/GreenAuto/model_search_results/models/EnergyNet_12186_1583_145.tflite,0.8043,0_1,False,1.8410000000000002,1.9503000000000001,1.8430923482849606,0.12199044869192882,543.1830526887561,CPU,latency_acc_live/EnergyNet_12186_1583_145_inference_time.csv
EnergyNet_12262_1659_145,/home/xiaolong/Downloads/GreenAuto/model_search_results/models/EnergyNet_12262_1659_145.tflite,0.7314,0_1,False,2.6645000000000003,2.8817000000000004,2.6971187739463605,0.25791071339578076,375.3049352598986,CPU,latency_acc_live/EnergyNet_12262_1659_145_inference_time.csv
EnergyNet_12319_1716_225,/home/xiaolong/Downloads/GreenAuto/model_search_results/models/EnergyNet_12319_1716_225.tflite,0.91,0_1,False,79.08,81.0528,78.38054589371981,2.72192515640539,12.645422357106728,CPU,latency_acc_live/EnergyNet_12319_1716_225_inference_time.csv
EnergyNet_12375_1772_145,/home/xiaolong/Downloads/GreenAuto/model_search_results/models/EnergyNet_12375_1772_145.tflite,0.7769,0_1,False,1.7955,1.879,1.7977067183462532,0.09259306670250993,556.947925368978,CPU,latency_acc_live/EnergyNet_12375_1772_145_inference_time.csv
EnergyNet_12400_1797_145,/home/xiaolong/Downloads/GreenAuto/model_search_results/models/EnergyNet_12400_1797_145.tflite,0.7379,0_1,False,2.365,2.4141000000000004,2.38165593220339,0.15499321556632287,422.8329809725158,CPU,latency_acc_live/EnergyNet_12400_1797_145_inference_time.csv
EnergyNet_12423_1820_145,/home/xiaolong/Downloads/GreenAuto/model_search_results/models/EnergyNet_12423_1820_145.tflite,0.7735,0_1,False,3.754,3.8678,3.7588612565445025,0.1319311224252628,266.3825253063399,CPU,latency_acc_live/EnergyNet_12423_1820_145_inference_time.csv
EnergyNet_12578_1975_145,/home/xiaolong/Downloads/GreenAuto/model_search_results/models/EnergyNet_12578_1975_145.tflite,0.6862,0_1,False,1.684,1.7308000000000001,1.6686650660264106,0.08123976011507583,593.8242280285036,CPU,latency_acc_live/EnergyNet_12578_1975_145_inference_time.csv
EnergyNet_12596_1993_145,/home/xiaolong/Downloads/GreenAuto/model_search_results/models/EnergyNet_12596_1993_145.tflite,0.6809,0_1,False,1.909,2.1123000000000003,1.935896935933148,0.15046188114812928,523.8344683080146,CPU,latency_acc_live/EnergyNet_12596_1993_145_inference_time.csv
EnergyNet_12608_2005_209,/home/xiaolong/Downloads/GreenAuto/model_search_results/models/EnergyNet_12608_2005_209.tflite,0.8069,0_1,False,132.4835,135.2668,132.0478676470588,3.0149510559439596,7.548109764612198,CPU,latency_acc_live/EnergyNet_12608_2005_209_inference_time.csv
EnergyNet_12659_2056_145,/home/xiaolong/Downloads/GreenAuto/model_search_results/models/EnergyNet_12659_2056_145.tflite,0.7428,0_1,False,2.657,2.9173999999999998,2.6924857685009482,0.2303740529153999,376.3643206624012,CPU,latency_acc_live/EnergyNet_12659_2056_145_inference_time.csv
EnergyNet_12710_2107_145,/home/xiaolong/Downloads/GreenAuto/model_search_results/models/EnergyNet_12710_2107_145.tflite,0.7535,0_1,False,2.027,2.149,2.0424509516837484,0.101320585589741,493.33991119881597,CPU,latency_acc_live/EnergyNet_12710_2107_145_inference_time.csv
EnergyNet_12798_2195_25,/home/xiaolong/Downloads/GreenAuto/model_search_results/models/EnergyNet_12798_2195_25.tflite,0.1,0_1,False,0.668,0.713,0.6885651703623581,0.08798124215296986,1497.005988023952,CPU,latency_acc_live/EnergyNet_12798_2195_25_inference_time.csv
EnergyNet_12798_2195_37,/home/xiaolong/Downloads/GreenAuto/model_search_results/models/EnergyNet_12798_2195_37.tflite,0.1,0_1,False,0.778,0.804,0.7812954954954955,0.04004536928698573,1285.3470437017995,CPU,latency_acc_live/EnergyNet_12798_2195_37_inference_time.csv
EnergyNet_12820_2217_145,/home/xiaolong/Downloads/GreenAuto/model_search_results/models/EnergyNet_12820_2217_145.tflite,0.6796,0_1,False,0.903,0.99,0.916769014084507,0.061731644569713924,1107.4197120708748,CPU,latency_acc_live/EnergyNet_12820_2217_145_inference_time.csv
EnergyNet_12830_2227_225,/home/xiaolong/Downloads/GreenAuto/model_search_results/models/EnergyNet_12830_2227_225.tflite,0.8833,0_1,False,36.8095,39.5697,37.104000000000006,1.7371524798697888,27.166899849223707,CPU,latency_acc_live/EnergyNet_12830_2227_225_inference_time.csv
EnergyNet_13136_2533_225,/home/xiaolong/Downloads/GreenAuto/model_search_results/models/EnergyNet_13136_2533_225.tflite,0.8821,0_1,False,61.4815,64.8693,61.89046634615384,2.1988499242222135,16.2650553418508,CPU,latency_acc_live/EnergyNet_13136_2533_225_inference_time.csv
EnergyNet_13157_2554_145,/home/xiaolong/Downloads/GreenAuto/model_search_results/models/EnergyNet_13157_2554_145.tflite,0.7732,0_1,False,3.546,3.621,3.5498753117206983,0.13147268441428184,282.0078962210942,CPU,latency_acc_live/EnergyNet_13157_2554_145_inference_time.csv
EnergyNet_13193_2590_225,/home/xiaolong/Downloads/GreenAuto/model_search_results/models/EnergyNet_13193_2590_225.tflite,0.7808,0_1,False,366.8725,369.1322,373.3157376237624,61.66412077670314,2.7257425944980884,CPU,latency_acc_live/EnergyNet_13193_2590_225_inference_time.csv
EnergyNet_13282_2679_145,/home/xiaolong/Downloads/GreenAuto/model_search_results/models/EnergyNet_13282_2679_145.tflite,0.7196,0_1,False,2.634,2.693,2.6235730129390014,0.0926297897052011,379.65072133637057,CPU,latency_acc_live/EnergyNet_13282_2679_145_inference_time.csv
EnergyNet_13289_2686_145,/home/xiaolong/Downloads/GreenAuto/model_search_results/models/EnergyNet_13289_2686_145.tflite,0.657,0_1,False,1.056,1.2007,1.0751355661881978,0.10116567393899528,946.9696969696969,CPU,latency_acc_live/EnergyNet_13289_2686_145_inference_time.csv
EnergyNet_13359_2756_145,/home/xiaolong/Downloads/GreenAuto/model_search_results/models/EnergyNet_13359_2756_145.tflite,0.7983,0_1,False,1.868,1.92,1.8632830440587451,0.1379259683908538,535.3319057815845,CPU,latency_acc_live/EnergyNet_13359_2756_145_inference_time.csv
EnergyNet_13401_2798_145,/home/xiaolong/Downloads/GreenAuto/model_search_results/models/EnergyNet_13401_2798_145.tflite,0.6727,0_1,False,1.912,2.0088,1.9208709677419353,0.09532857571510932,523.0125523012553,CPU,latency_acc_live/EnergyNet_13401_2798_145_inference_time.csv
EnergyNet_13470_2867_145,/home/xiaolong/Downloads/GreenAuto/model_search_results/models/EnergyNet_13470_2867_145.tflite,0.6909,0_1,False,1.947,2.0286,1.9359590395480228,0.08915296488115318,513.6106831022086,CPU,latency_acc_live/EnergyNet_13470_2867_145_inference_time.csv
EnergyNet_13472_2869_225,/home/xiaolong/Downloads/GreenAuto/model_search_results/models/EnergyNet_13472_2869_225.tflite,0.8814,0_1,False,61.4505,65.1688,61.96867307692308,2.3695587464202457,16.273260591858488,CPU,latency_acc_live/EnergyNet_13472_2869_225_inference_time.csv
EnergyNet_13539_2936_145,/home/xiaolong/Downloads/GreenAuto/model_search_results/models/EnergyNet_13539_2936_145.tflite,0.747,0_1,False,3.477,3.703,3.5013430656934306,0.1703423390594549,287.60425654299684,CPU,latency_acc_live/EnergyNet_13539_2936_145_inference_time.csv
EnergyNet_13547_2944_145,/home/xiaolong/Downloads/GreenAuto/model_search_results/models/EnergyNet_13547_2944_145.tflite,0.7612,0_1,False,2.63,2.704,2.648865671641791,0.13094363553542976,380.2281368821293,CPU,latency_acc_live/EnergyNet_13547_2944_145_inference_time.csv
EnergyNet_13555_2952_145,/home/xiaolong/Downloads/GreenAuto/model_search_results/models/EnergyNet_13555_2952_145.tflite,0.756,0_1,False,2.3804999999999996,2.4615,2.3888634812286687,0.07852534946998169,420.0798151648814,CPU,latency_acc_live/EnergyNet_13555_2952_145_inference_time.csv
EnergyNet_13579_2976_145,/home/xiaolong/Downloads/GreenAuto/model_search_results/models/EnergyNet_13579_2976_145.tflite,0.7288,0_1,False,2.612,2.7016,2.6197898686679175,0.11251331766318821,382.8483920367534,CPU,latency_acc_live/EnergyNet_13579_2976_145_inference_time.csv
EnergyNet_13627_3024_145,/home/xiaolong/Downloads/GreenAuto/model_search_results/models/EnergyNet_13627_3024_145.tflite,0.7781,0_1,False,2.382,2.5862,2.4202086206896554,0.13395850976879675,419.8152812762384,CPU,latency_acc_live/EnergyNet_13627_3024_145_inference_time.csv
EnergyNet_13752_3149_117,/home/xiaolong/Downloads/GreenAuto/model_search_results/models/EnergyNet_13752_3149_117.tflite,0.5325,0_1,False,1.543,1.5852,1.5525478065241844,0.09684462884039392,648.0881399870383,CPU,latency_acc_live/EnergyNet_13752_3149_117_inference_time.csv
EnergyNet_13778_3175_145,/home/xiaolong/Downloads/GreenAuto/model_search_results/models/EnergyNet_13778_3175_145.tflite,0.7558,0_1,False,3.003,3.2392,3.0272489361702126,0.17977829061225387,333.000333000333,CPU,latency_acc_live/EnergyNet_13778_3175_145_inference_time.csv
EnergyNet_13821_3218_145,/home/xiaolong/Downloads/GreenAuto/model_search_results/models/EnergyNet_13821_3218_145.tflite,0.6869,0_1,False,0.793,0.862,0.8091547836684947,0.0521605049090144,1261.0340479192937,CPU,latency_acc_live/EnergyNet_13821_3218_145_inference_time.csv
EnergyNet_1384_1385_109,/home/xiaolong/Downloads/GreenAuto/model_search_results/models/EnergyNet_1384_1385_109.tflite,0.1,0_1,False,0.506,0.549,0.5092016985138005,0.05449616045691704,1976.2845849802372,CPU,latency_acc_live/EnergyNet_1384_1385_109_inference_time.csv
EnergyNet_13863_3260_145,/home/xiaolong/Downloads/GreenAuto/model_search_results/models/EnergyNet_13863_3260_145.tflite,0.6562,0_1,False,1.896,1.945,1.8964570259208733,0.10055759887122194,527.4261603375528,CPU,latency_acc_live/EnergyNet_13863_3260_145_inference_time.csv
EnergyNet_13952_3349_225,/home/xiaolong/Downloads/GreenAuto/model_search_results/models/EnergyNet_13952_3349_225.tflite,0.7906,0_1,False,226.969,231.1352,230.7116995073892,45.77251299163945,4.4058880287616375,CPU,latency_acc_live/EnergyNet_13952_3349_225_inference_time.csv
EnergyNet_13969_3366_145,/home/xiaolong/Downloads/GreenAuto/model_search_results/models/EnergyNet_13969_3366_145.tflite,0.7853,0_1,False,2.61,2.6856,2.6124917127071825,0.10900002291640815,383.1417624521073,CPU,latency_acc_live/EnergyNet_13969_3366_145_inference_time.csv
EnergyNet_13987_3384_145,/home/xiaolong/Downloads/GreenAuto/model_search_results/models/EnergyNet_13987_3384_145.tflite,0.7864,0_1,False,1.831,1.9043,1.8292526041666666,0.11874716550779219,546.1496450027307,CPU,latency_acc_live/EnergyNet_13987_3384_145_inference_time.csv
EnergyNet_13993_3390_145,/home/xiaolong/Downloads/GreenAuto/model_search_results/models/EnergyNet_13993_3390_145.tflite,0.7833,0_1,False,1.824,1.891,1.8141901681759378,0.08849856596347412,548.2456140350877,CPU,latency_acc_live/EnergyNet_13993_3390_145_inference_time.csv
EnergyNet_13999_3396_225,/home/xiaolong/Downloads/GreenAuto/model_search_results/models/EnergyNet_13999_3396_225.tflite,0.8047,0_1,False,374.8575,378.0535,378.4127326732673,44.10632217236097,2.6676803852130475,CPU,latency_acc_live/EnergyNet_13999_3396_225_inference_time.csv
EnergyNet_14027_3424_1,/home/xiaolong/Downloads/GreenAuto/model_search_results/models/EnergyNet_14027_3424_1.tflite,0.2486,0_1,False,0.636,0.679,0.6468075245365322,0.06745711936627567,1572.3270440251572,CPU,latency_acc_live/EnergyNet_14027_3424_1_inference_time.csv
EnergyNet_14061_3458_145,/home/xiaolong/Downloads/GreenAuto/model_search_results/models/EnergyNet_14061_3458_145.tflite,0.7826,0_1,False,1.837,1.9006,1.8365607843137255,0.07780876862669044,544.3658138268917,CPU,latency_acc_live/EnergyNet_14061_3458_145_inference_time.csv
EnergyNet_14062_3459_145,/home/xiaolong/Downloads/GreenAuto/model_search_results/models/EnergyNet_14062_3459_145.tflite,0.7474,0_1,False,2.6615,2.731,2.641243396226415,0.09524022855724076,375.7279729475859,CPU,latency_acc_live/EnergyNet_14062_3459_145_inference_time.csv
EnergyNet_14083_3480_225,/home/xiaolong/Downloads/GreenAuto/model_search_results/models/EnergyNet_14083_3480_225.tflite,0.9179,0_1,False,188.58,190.845,188.92311330049262,2.5894547216809767,5.302789267154523,CPU,latency_acc_live/EnergyNet_14083_3480_225_inference_time.csv
EnergyNet_14091_3488_145,/home/xiaolong/Downloads/GreenAuto/model_search_results/models/EnergyNet_14091_3488_145.tflite,0.7866,0_1,False,2.601,2.8306,2.6311394495412843,0.16496574791458407,384.46751249519417,CPU,latency_acc_live/EnergyNet_14091_3488_145_inference_time.csv
EnergyNet_14132_3529_145,/home/xiaolong/Downloads/GreenAuto/model_search_results/models/EnergyNet_14132_3529_145.tflite,0.7628,0_1,False,2.871,2.946,2.874291164658634,0.09382854975563665,348.31069313827936,CPU,latency_acc_live/EnergyNet_14132_3529_145_inference_time.csv
EnergyNet_14152_3549_145,/home/xiaolong/Downloads/GreenAuto/model_search_results/models/EnergyNet_14152_3549_145.tflite,0.7567,0_1,False,3.786,3.8989000000000003,3.8097222222222222,0.1414737045634008,264.1310089804543,CPU,latency_acc_live/EnergyNet_14152_3549_145_inference_time.csv
EnergyNet_14155_157_73,/home/xiaolong/Downloads/GreenAuto/model_search_results/models/EnergyNet_14155_157_73.tflite,0.1,0_1,False,0.893,1.072,0.919664570230608,0.0803341857941265,1119.8208286674133,CPU,latency_acc_live/EnergyNet_14155_157_73_inference_time.csv
EnergyNet_14158_3555_145,/home/xiaolong/Downloads/GreenAuto/model_search_results/models/EnergyNet_14158_3555_145.tflite,0.5708,0_1,False,2.375,2.589,2.42057487091222,0.18360061043848042,421.05263157894734,CPU,latency_acc_live/EnergyNet_14158_3555_145_inference_time.csv
EnergyNet_14170_3567_145,/home/xiaolong/Downloads/GreenAuto/model_search_results/models/EnergyNet_14170_3567_145.tflite,0.7201,0_1,False,0.901,0.935,0.9017594594594595,0.06668260018382145,1109.8779134295228,CPU,latency_acc_live/EnergyNet_14170_3567_145_inference_time.csv
EnergyNet_14228_3625_145,/home/xiaolong/Downloads/GreenAuto/model_search_results/models/EnergyNet_14228_3625_145.tflite,0.7634,0_1,False,2.632,2.698,2.6298571428571433,0.11557098710846286,379.9392097264438,CPU,latency_acc_live/EnergyNet_14228_3625_145_inference_time.csv
EnergyNet_14264_3661_145,/home/xiaolong/Downloads/GreenAuto/model_search_results/models/EnergyNet_14264_3661_145.tflite,0.7793,0_1,False,2.607,2.6976,2.6207863720073665,0.11569531347524054,383.5826620636747,CPU,latency_acc_live/EnergyNet_14264_3661_145_inference_time.csv
EnergyNet_14270_3667_145,/home/xiaolong/Downloads/GreenAuto/model_search_results/models/EnergyNet_14270_3667_145.tflite,0.7548,0_1,False,2.64,2.702,2.6524093457943927,0.12261003719544067,378.78787878787875,CPU,latency_acc_live/EnergyNet_14270_3667_145_inference_time.csv
EnergyNet_14312_3709_145,/home/xiaolong/Downloads/GreenAuto/model_search_results/models/EnergyNet_14312_3709_145.tflite,0.7638,0_1,False,2.078,2.136,2.059857562408223,0.10223299224903039,481.23195380173246,CPU,latency_acc_live/EnergyNet_14312_3709_145_inference_time.csv
EnergyNet_14329_3726_145,/home/xiaolong/Downloads/GreenAuto/model_search_results/models/EnergyNet_14329_3726_145.tflite,0.6761,0_1,False,0.805,0.867,0.8112403196066379,0.050003657119074736,1242.2360248447205,CPU,latency_acc_live/EnergyNet_14329_3726_145_inference_time.csv
EnergyNet_14361_3758_145,/home/xiaolong/Downloads/GreenAuto/model_search_results/models/EnergyNet_14361_3758_145.tflite,0.6778,0_1,False,1.665,1.8493000000000002,1.6831198044009779,0.11213526726789798,600.6006006006006,CPU,latency_acc_live/EnergyNet_14361_3758_145_inference_time.csv
EnergyNet_14373_3770_145,/home/xiaolong/Downloads/GreenAuto/model_search_results/models/EnergyNet_14373_3770_145.tflite,0.719,0_1,False,0.641,0.675,0.6326784847013114,0.0432201810383865,1560.0624024960998,CPU,latency_acc_live/EnergyNet_14373_3770_145_inference_time.csv
EnergyNet_14448_450_17,/home/xiaolong/Downloads/GreenAuto/model_search_results/models/EnergyNet_14448_450_17.tflite,0.3238,0_1,False,0.247,0.255,0.2417720292936452,0.02375600938939933,4048.582995951417,CPU,latency_acc_live/EnergyNet_14448_450_17_inference_time.csv
EnergyNet_14462_3859_145,/home/xiaolong/Downloads/GreenAuto/model_search_results/models/EnergyNet_14462_3859_145.tflite,0.7715,0_1,False,2.667,2.904,2.695657196969697,0.1474466965361237,374.9531308586427,CPU,latency_acc_live/EnergyNet_14462_3859_145_inference_time.csv
EnergyNet_14471_3868_53,/home/xiaolong/Downloads/GreenAuto/model_search_results/models/EnergyNet_14471_3868_53.tflite,0.1,0_1,False,0.32,0.33,0.31755776066350705,0.04417874459660767,3125.0,CPU,latency_acc_live/EnergyNet_14471_3868_53_inference_time.csv
EnergyNet_14471_473_113,/home/xiaolong/Downloads/GreenAuto/model_search_results/models/EnergyNet_14471_473_113.tflite,0.1,0_1,False,0.489,0.533,0.4925964623611682,0.04412993198018802,2044.9897750511248,CPU,latency_acc_live/EnergyNet_14471_473_113_inference_time.csv
EnergyNet_14489_491_5,/home/xiaolong/Downloads/GreenAuto/model_search_results/models/EnergyNet_14489_491_5.tflite,0.3004,0_1,False,1.102,1.137,1.103706621961442,0.04225374708914403,907.4410163339383,CPU,latency_acc_live/EnergyNet_14489_491_5_inference_time.csv
EnergyNet_14515_3912_225,/home/xiaolong/Downloads/GreenAuto/model_search_results/models/EnergyNet_14515_3912_225.tflite,0.8182,0_1,False,190.679,192.8696,192.83428078817735,26.475813051796354,5.244416008055423,CPU,latency_acc_live/EnergyNet_14515_3912_225_inference_time.csv
EnergyNet_14540_3937_53,/home/xiaolong/Downloads/GreenAuto/model_search_results/models/EnergyNet_14540_3937_53.tflite,0.5563,0_1,False,0.664,0.687,0.6652348922753547,0.07780677254243196,1506.0240963855422,CPU,latency_acc_live/EnergyNet_14540_3937_53_inference_time.csv
EnergyNet_14550_3947_145,/home/xiaolong/Downloads/GreenAuto/model_search_results/models/EnergyNet_14550_3947_145.tflite,0.7479,0_1,False,2.055,2.1382,2.05160677466863,0.12269179034483679,486.61800486618,CPU,latency_acc_live/EnergyNet_14550_3947_145_inference_time.csv
EnergyNet_14556_3953_145,/home/xiaolong/Downloads/GreenAuto/model_search_results/models/EnergyNet_14556_3953_145.tflite,0.5641,0_1,False,1.453,1.49,1.4502305263157895,0.06196046714798619,688.2312456985546,CPU,latency_acc_live/EnergyNet_14556_3953_145_inference_time.csv
EnergyNet_14599_3996_145,/home/xiaolong/Downloads/GreenAuto/model_search_results/models/EnergyNet_14599_3996_145.tflite,0.7698,0_1,False,2.88,3.132,2.910154471544715,0.1976324618064555,347.22222222222223,CPU,latency_acc_live/EnergyNet_14599_3996_145_inference_time.csv
EnergyNet_14703_4100_145,/home/xiaolong/Downloads/GreenAuto/model_search_results/models/EnergyNet_14703_4100_145.tflite,0.7679,0_1,False,3.056,3.1094,3.044800856531049,0.14355203698522298,327.22513089005236,CPU,latency_acc_live/EnergyNet_14703_4100_145_inference_time.csv
EnergyNet_1487_1488_1,/home/xiaolong/Downloads/GreenAuto/model_search_results/models/EnergyNet_1487_1488_1.tflite,0.2524,0_1,False,0.47,0.491,0.46897009569377995,0.03357748755231354,2127.6595744680853,CPU,latency_acc_live/EnergyNet_1487_1488_1_inference_time.csv
EnergyNet_15031_1033_101,/home/xiaolong/Downloads/GreenAuto/model_search_results/models/EnergyNet_15031_1033_101.tflite,0.5184,0_1,False,1.007,1.052,1.0132347169811322,0.03693651875004913,993.04865938431,CPU,latency_acc_live/EnergyNet_15031_1033_101_inference_time.csv
EnergyNet_15100_1102_1,/home/xiaolong/Downloads/GreenAuto/model_search_results/models/EnergyNet_15100_1102_1.tflite,0.2485,0_1,False,0.199,0.209,0.19876512159634172,0.04891207733228512,5025.125628140703,CPU,latency_acc_live/EnergyNet_15100_1102_1_inference_time.csv
EnergyNet_15188_1190_57,/home/xiaolong/Downloads/GreenAuto/model_search_results/models/EnergyNet_15188_1190_57.tflite,0.5568,0_1,False,0.205,0.215,0.2041671303656598,0.022320447875323286,4878.048780487805,CPU,latency_acc_live/EnergyNet_15188_1190_57_inference_time.csv
EnergyNet_1669_1670_225,/home/xiaolong/Downloads/GreenAuto/model_search_results/models/EnergyNet_1669_1670_225.tflite,0.8104,0_1,False,192.899,195.931,195.619881773399,32.42121951459582,5.1840600521516444,CPU,latency_acc_live/EnergyNet_1669_1670_225_inference_time.csv
EnergyNet_1866_1867_33,/home/xiaolong/Downloads/GreenAuto/model_search_results/models/EnergyNet_1866_1867_33.tflite,0.5256,0_1,False,1.191,1.231,1.1929499105545618,0.041023872745690554,839.6305625524768,CPU,latency_acc_live/EnergyNet_1866_1867_33_inference_time.csv
EnergyNet_1943_1944_5,/home/xiaolong/Downloads/GreenAuto/model_search_results/models/EnergyNet_1943_1944_5.tflite,0.2726,0_1,False,0.39,0.414,0.39016486956521734,0.038768484968104144,2564.102564102564,CPU,latency_acc_live/EnergyNet_1943_1944_5_inference_time.csv
EnergyNet_2120_2121_5,/home/xiaolong/Downloads/GreenAuto/model_search_results/models/EnergyNet_2120_2121_5.tflite,0.2944,0_1,False,0.182,0.192,0.18139577543079488,0.02118907630230928,5494.505494505494,CPU,latency_acc_live/EnergyNet_2120_2121_5_inference_time.csv
EnergyNet_2286_2287_61,/home/xiaolong/Downloads/GreenAuto/model_search_results/models/EnergyNet_2286_2287_61.tflite,0.4234,0_1,False,0.693,0.729,0.6998378812199036,0.037296850328331035,1443.001443001443,CPU,latency_acc_live/EnergyNet_2286_2287_61_inference_time.csv
EnergyNet_2437_2438_5,/home/xiaolong/Downloads/GreenAuto/model_search_results/models/EnergyNet_2437_2438_5.tflite,0.3299,0_1,False,0.839,0.9691999999999996,0.8613000674308834,0.08661244964150201,1191.8951132300358,CPU,latency_acc_live/EnergyNet_2437_2438_5_inference_time.csv
EnergyNet_2502_2503_13,/home/xiaolong/Downloads/GreenAuto/model_search_results/models/EnergyNet_2502_2503_13.tflite,0.1,0_1,False,0.131,0.138,0.13356945027276543,0.039406565860516565,7633.587786259542,CPU,latency_acc_live/EnergyNet_2502_2503_13_inference_time.csv
EnergyNet_2523_2524_17,/home/xiaolong/Downloads/GreenAuto/model_search_results/models/EnergyNet_2523_2524_17.tflite,0.389,0_1,False,0.754,0.8139000000000001,0.7715930949445129,0.09939029122259163,1326.2599469496022,CPU,latency_acc_live/EnergyNet_2523_2524_17_inference_time.csv
EnergyNet_2967_2968_225,/home/xiaolong/Downloads/GreenAuto/model_search_results/models/EnergyNet_2967_2968_225.tflite,0.8579,0_1,False,61.55,65.2663,61.88061057692308,2.2559092907644493,16.246953696181965,CPU,latency_acc_live/EnergyNet_2967_2968_225_inference_time.csv
EnergyNet_3000_3001_45,/home/xiaolong/Downloads/GreenAuto/model_search_results/models/EnergyNet_3000_3001_45.tflite,0.4978,0_1,False,0.275,0.298,0.2805888778550149,0.056149801371629636,3636.363636363636,CPU,latency_acc_live/EnergyNet_3000_3001_45_inference_time.csv
EnergyNet_3025_3026_73,/home/xiaolong/Downloads/GreenAuto/model_search_results/models/EnergyNet_3025_3026_73.tflite,0.4796,0_1,False,1.54,1.587,1.5501158605174352,0.10706786987031974,649.3506493506493,CPU,latency_acc_live/EnergyNet_3025_3026_73_inference_time.csv
EnergyNet_3144_3145_1,/home/xiaolong/Downloads/GreenAuto/model_search_results/models/EnergyNet_3144_3145_1.tflite,0.2488,0_1,False,0.637,0.667,0.6415942857142857,0.042015186723360964,1569.8587127158555,CPU,latency_acc_live/EnergyNet_3144_3145_1_inference_time.csv
EnergyNet_3204_3205_1,/home/xiaolong/Downloads/GreenAuto/model_search_results/models/EnergyNet_3204_3205_1.tflite,0.2617,0_1,False,0.471,0.501,0.4826907894736842,0.06649005500949902,2123.1422505307855,CPU,latency_acc_live/EnergyNet_3204_3205_1_inference_time.csv
EnergyNet_3411_3412_5,/home/xiaolong/Downloads/GreenAuto/model_search_results/models/EnergyNet_3411_3412_5.tflite,0.2588,0_1,False,0.684,0.7302000000000001,0.7000033167495854,0.08474034734243598,1461.9883040935672,CPU,latency_acc_live/EnergyNet_3411_3412_5_inference_time.csv
EnergyNet_3413_3414_21,/home/xiaolong/Downloads/GreenAuto/model_search_results/models/EnergyNet_3413_3414_21.tflite,0.1,0_1,False,0.658,0.683,0.6626323148627654,0.035759213619005886,1519.756838905775,CPU,latency_acc_live/EnergyNet_3413_3414_21_inference_time.csv
EnergyNet_3420_3421_225,/home/xiaolong/Downloads/GreenAuto/model_search_results/models/EnergyNet_3420_3421_225.tflite,0.8499,0_1,False,82.486,85.47200000000001,82.56794660194173,2.2558955602381165,12.12326940329268,CPU,latency_acc_live/EnergyNet_3420_3421_225_inference_time.csv
EnergyNet_3422_3423_73,/home/xiaolong/Downloads/GreenAuto/model_search_results/models/EnergyNet_3422_3423_73.tflite,0.4793,0_1,False,1.034,1.068,1.0352210031347961,0.039258763743337144,967.1179883945841,CPU,latency_acc_live/EnergyNet_3422_3423_73_inference_time.csv
EnergyNet_3686_3687_21,/home/xiaolong/Downloads/GreenAuto/model_search_results/models/EnergyNet_3686_3687_21.tflite,0.1,0_1,False,0.258,0.267,0.255534706331045,0.04316258241661455,3875.968992248062,CPU,latency_acc_live/EnergyNet_3686_3687_21_inference_time.csv
EnergyNet_3855_3856_1,/home/xiaolong/Downloads/GreenAuto/model_search_results/models/EnergyNet_3855_3856_1.tflite,0.3118,0_1,False,0.385,0.409,0.3849464285714286,0.030794446809089868,2597.402597402597,CPU,latency_acc_live/EnergyNet_3855_3856_1_inference_time.csv
EnergyNet_396_397_69,/home/xiaolong/Downloads/GreenAuto/model_search_results/models/EnergyNet_396_397_69.tflite,0.4868,0_1,False,0.898,0.939,0.9059725085910654,0.04420404811385477,1113.5857461024498,CPU,latency_acc_live/EnergyNet_396_397_69_inference_time.csv
EnergyNet_424_425_1,/home/xiaolong/Downloads/GreenAuto/model_search_results/models/EnergyNet_424_425_1.tflite,0.304,0_1,False,0.392,0.412,0.390398308071907,0.04202874250190476,2551.020408163265,CPU,latency_acc_live/EnergyNet_424_425_1_inference_time.csv
EnergyNet_4360_4361_25,/home/xiaolong/Downloads/GreenAuto/model_search_results/models/EnergyNet_4360_4361_25.tflite,0.4348,0_1,False,0.659,0.694,0.6669873883342091,0.03850323431501273,1517.4506828528072,CPU,latency_acc_live/EnergyNet_4360_4361_25_inference_time.csv
EnergyNet_4783_4784_9,/home/xiaolong/Downloads/GreenAuto/model_search_results/models/EnergyNet_4783_4784_9.tflite,0.1,0_1,False,0.582,0.603,0.5859986155976004,0.055574421995901076,1718.2130584192441,CPU,latency_acc_live/EnergyNet_4783_4784_9_inference_time.csv
EnergyNet_5019_21_145,/home/xiaolong/Downloads/GreenAuto/model_search_results/models/EnergyNet_5019_21_145.tflite,0.7647,0_1,False,2.966,3.0676,2.9589832635983266,0.10260469564920138,337.154416722859,CPU,latency_acc_live/EnergyNet_5019_21_145_inference_time.csv
EnergyNet_5071_73_225,/home/xiaolong/Downloads/GreenAuto/model_search_results/models/EnergyNet_5071_73_225.tflite,0.7929,0_1,False,224.002,226.1804,225.86929556650247,19.970064491740285,4.464245854947723,CPU,latency_acc_live/EnergyNet_5071_73_225_inference_time.csv
EnergyNet_5120_122_145,/home/xiaolong/Downloads/GreenAuto/model_search_results/models/EnergyNet_5120_122_145.tflite,0.7273,0_1,False,3.579,3.6942,3.581488607594937,0.11499887394863312,279.4076557697681,CPU,latency_acc_live/EnergyNet_5120_122_145_inference_time.csv
EnergyNet_5144_146_145,/home/xiaolong/Downloads/GreenAuto/model_search_results/models/EnergyNet_5144_146_145.tflite,0.772,0_1,False,2.624,2.7271,2.6392320754716985,0.13753848486958375,381.0975609756097,CPU,latency_acc_live/EnergyNet_5144_146_145_inference_time.csv
EnergyNet_5151_153_145,/home/xiaolong/Downloads/GreenAuto/model_search_results/models/EnergyNet_5151_153_145.tflite,0.7432,0_1,False,2.674,2.743,2.664254716981133,0.10587789882162457,373.97157816005983,CPU,latency_acc_live/EnergyNet_5151_153_145_inference_time.csv
EnergyNet_5158_160_145,/home/xiaolong/Downloads/GreenAuto/model_search_results/models/EnergyNet_5158_160_145.tflite,0.7099,0_1,False,2.632,2.744,2.6334124293785313,0.13404984511536763,379.9392097264438,CPU,latency_acc_live/EnergyNet_5158_160_145_inference_time.csv
EnergyNet_5209_211_225,/home/xiaolong/Downloads/GreenAuto/model_search_results/models/EnergyNet_5209_211_225.tflite,0.7916,0_1,False,223.602,225.396,226.3804433497537,35.46968384271226,4.472231912058032,CPU,latency_acc_live/EnergyNet_5209_211_225_inference_time.csv
EnergyNet_5226_228_145,/home/xiaolong/Downloads/GreenAuto/model_search_results/models/EnergyNet_5226_228_145.tflite,0.701,0_1,False,1.421,1.475,1.4191278586278586,0.08246420046924599,703.7297677691766,CPU,latency_acc_live/EnergyNet_5226_228_145_inference_time.csv
EnergyNet_5234_236_145,/home/xiaolong/Downloads/GreenAuto/model_search_results/models/EnergyNet_5234_236_145.tflite,0.7568,0_1,False,2.083,2.1615,2.094424924924925,0.10977556100135646,480.07681228996637,CPU,latency_acc_live/EnergyNet_5234_236_145_inference_time.csv
EnergyNet_5280_282_145,/home/xiaolong/Downloads/GreenAuto/model_search_results/models/EnergyNet_5280_282_145.tflite,0.8093,0_1,False,1.885,1.961,1.8704732620320856,0.10884452966512487,530.5039787798408,CPU,latency_acc_live/EnergyNet_5280_282_145_inference_time.csv
EnergyNet_5281_283_145,/home/xiaolong/Downloads/GreenAuto/model_search_results/models/EnergyNet_5281_283_145.tflite,0.8106,0_1,False,1.833,1.9226,1.8341761589403975,0.10451454203999097,545.5537370430987,CPU,latency_acc_live/EnergyNet_5281_283_145_inference_time.csv
EnergyNet_5401_5402_61,/home/xiaolong/Downloads/GreenAuto/model_search_results/models/EnergyNet_5401_5402_61.tflite,0.5471,0_1,False,0.192,0.201,0.19820247469066365,0.05360137228174601,5208.333333333333,CPU,latency_acc_live/EnergyNet_5401_5402_61_inference_time.csv
EnergyNet_5424_426_145,/home/xiaolong/Downloads/GreenAuto/model_search_results/models/EnergyNet_5424_426_145.tflite,0.8069,0_1,False,1.875,1.9574000000000003,1.861913217623498,0.11127993879655693,533.3333333333334,CPU,latency_acc_live/EnergyNet_5424_426_145_inference_time.csv
EnergyNet_5446_448_145,/home/xiaolong/Downloads/GreenAuto/model_search_results/models/EnergyNet_5446_448_145.tflite,0.7796,0_1,False,1.7915,1.8683,1.7898483290488432,0.07902661442638394,558.191459670667,CPU,latency_acc_live/EnergyNet_5446_448_145_inference_time.csv
EnergyNet_5459_461_145,/home/xiaolong/Downloads/GreenAuto/model_search_results/models/EnergyNet_5459_461_145.tflite,0.7576,0_1,False,3.55,3.6641999999999997,3.5521979949874685,0.14580896416567685,281.69014084507046,CPU,latency_acc_live/EnergyNet_5459_461_145_inference_time.csv
EnergyNet_5471_473_145,/home/xiaolong/Downloads/GreenAuto/model_search_results/models/EnergyNet_5471_473_145.tflite,0.7819,0_1,False,1.813,1.89,1.80809375,0.11943658560830862,551.5719801434087,CPU,latency_acc_live/EnergyNet_5471_473_145_inference_time.csv
EnergyNet_5563_59_225,/home/xiaolong/Downloads/GreenAuto/model_search_results/models/EnergyNet_5563_59_225.tflite,0.8143,0_1,False,,,,,,CPU,latency_acc_live/EnergyNet_5563_59_225_inference_time.csv
EnergyNet_5623_119_145,/home/xiaolong/Downloads/GreenAuto/model_search_results/models/EnergyNet_5623_119_145.tflite,0.7601,0_1,False,2.0004999999999997,2.2405,2.0488224852071006,0.15996833404390484,499.87503124218955,CPU,latency_acc_live/EnergyNet_5623_119_145_inference_time.csv
EnergyNet_5728_224_145,/home/xiaolong/Downloads/GreenAuto/model_search_results/models/EnergyNet_5728_224_145.tflite,0.7735,0_1,False,2.687,2.927,2.7257011494252876,0.17752630466850125,372.16226274655753,CPU,latency_acc_live/EnergyNet_5728_224_145_inference_time.csv
EnergyNet_5776_272_145,/home/xiaolong/Downloads/GreenAuto/model_search_results/models/EnergyNet_5776_272_145.tflite,0.7659,0_1,False,2.938,3.0531,2.9441541666666664,0.09863409433848025,340.3675970047651,CPU,latency_acc_live/EnergyNet_5776_272_145_inference_time.csv
EnergyNet_5792_288_145,/home/xiaolong/Downloads/GreenAuto/model_search_results/models/EnergyNet_5792_288_145.tflite,0.7589,0_1,False,2.365,2.425,2.3711565656565656,0.10449171861080167,422.8329809725158,CPU,latency_acc_live/EnergyNet_5792_288_145_inference_time.csv
EnergyNet_5813_309_145,/home/xiaolong/Downloads/GreenAuto/model_search_results/models/EnergyNet_5813_309_145.tflite,0.6671,0_1,False,1.892,1.963,1.885,0.11433953564609535,528.5412262156449,CPU,latency_acc_live/EnergyNet_5813_309_145_inference_time.csv
EnergyNet_5820_316_145,/home/xiaolong/Downloads/GreenAuto/model_search_results/models/EnergyNet_5820_316_145.tflite,0.7494,0_1,False,2.5985,2.685,2.609543071161049,0.17745992061807636,384.83740619588224,CPU,latency_acc_live/EnergyNet_5820_316_145_inference_time.csv
EnergyNet_5856_352_145,/home/xiaolong/Downloads/GreenAuto/model_search_results/models/EnergyNet_5856_352_145.tflite,0.763,0_1,False,1.629,1.692,1.6311630695443646,0.1554991569006498,613.8735420503376,CPU,latency_acc_live/EnergyNet_5856_352_145_inference_time.csv
EnergyNet_5856_352_225,/home/xiaolong/Downloads/GreenAuto/model_search_results/models/EnergyNet_5856_352_225.tflite,0.8165,0_1,False,191.022,192.6404,191.2907881773399,2.0170783508227337,5.234999110050151,CPU,latency_acc_live/EnergyNet_5856_352_225_inference_time.csv
EnergyNet_5876_372_145,/home/xiaolong/Downloads/GreenAuto/model_search_results/models/EnergyNet_5876_372_145.tflite,0.8099,0_1,False,1.592,1.6383,1.5808280182232348,0.061680777056221894,628.1407035175879,CPU,latency_acc_live/EnergyNet_5876_372_145_inference_time.csv
EnergyNet_5914_410_9,/home/xiaolong/Downloads/GreenAuto/model_search_results/models/EnergyNet_5914_410_9.tflite,0.1,0_1,False,0.128,0.136,0.1285216739367503,0.020436774304692113,7812.5,CPU,latency_acc_live/EnergyNet_5914_410_9_inference_time.csv
EnergyNet_5936_432_225,/home/xiaolong/Downloads/GreenAuto/model_search_results/models/EnergyNet_5936_432_225.tflite,0.1,0_1,False,47.243,50.41,47.772777251184834,1.5805395781080283,21.167157039138072,CPU,latency_acc_live/EnergyNet_5936_432_225_inference_time.csv
EnergyNet_5940_436_145,/home/xiaolong/Downloads/GreenAuto/model_search_results/models/EnergyNet_5940_436_145.tflite,0.6928,0_1,False,1.701,1.764,1.6991146732429099,0.06457187409414487,587.8894767783656,CPU,latency_acc_live/EnergyNet_5940_436_145_inference_time.csv
EnergyNet_6012_4_145,/home/xiaolong/Downloads/GreenAuto/model_search_results/models/EnergyNet_6012_4_145.tflite,0.6647,0_1,False,1.6400000000000001,1.7169,1.6399453681710212,0.07506887958949231,609.7560975609756,CPU,latency_acc_live/EnergyNet_6012_4_145_inference_time.csv
EnergyNet_6012_4_225,/home/xiaolong/Downloads/GreenAuto/model_search_results/models/EnergyNet_6012_4_225.tflite,0.8035,0_1,False,91.2355,94.34200000000001,91.67783009708738,2.322166567716532,10.96064580125061,CPU,latency_acc_live/EnergyNet_6012_4_225_inference_time.csv
EnergyNet_6038_30_145,/home/xiaolong/Downloads/GreenAuto/model_search_results/models/EnergyNet_6038_30_145.tflite,0.7086,0_1,False,3.634,3.8348,3.6768863049095604,0.15701449921870045,275.17886626307103,CPU,latency_acc_live/EnergyNet_6038_30_145_inference_time.csv
EnergyNet_6078_70_145,/home/xiaolong/Downloads/GreenAuto/model_search_results/models/EnergyNet_6078_70_145.tflite,0.8005,0_1,False,1.614,1.6608,1.6181875732708086,0.11312924057988424,619.5786864931846,CPU,latency_acc_live/EnergyNet_6078_70_145_inference_time.csv
EnergyNet_6084_76_9,/home/xiaolong/Downloads/GreenAuto/model_search_results/models/EnergyNet_6084_76_9.tflite,0.3271,0_1,False,0.837,0.877,0.8422005329780147,0.03868359014213763,1194.7431302270013,CPU,latency_acc_live/EnergyNet_6084_76_9_inference_time.csv
EnergyNet_6126_13_145,/home/xiaolong/Downloads/GreenAuto/model_search_results/models/EnergyNet_6126_13_145.tflite,0.8019,0_1,False,1.88,1.965,1.8765264586160109,0.15005818742080562,531.9148936170213,CPU,latency_acc_live/EnergyNet_6126_13_145_inference_time.csv
EnergyNet_6202_89_145,/home/xiaolong/Downloads/GreenAuto/model_search_results/models/EnergyNet_6202_89_145.tflite,0.7213,0_1,False,2.628,2.6988,2.6342889305816137,0.08467154844303898,380.517503805175,CPU,latency_acc_live/EnergyNet_6202_89_145_inference_time.csv
EnergyNet_6228_115_225,/home/xiaolong/Downloads/GreenAuto/model_search_results/models/EnergyNet_6228_115_225.tflite,0.8586,0_1,False,70.365,73.4774,70.740038647343,2.6594112254668767,14.21161088609394,CPU,latency_acc_live/EnergyNet_6228_115_225_inference_time.csv
EnergyNet_6256_143_145,/home/xiaolong/Downloads/GreenAuto/model_search_results/models/EnergyNet_6256_143_145.tflite,0.7859,0_1,False,2.604,2.674,2.618664835164835,0.13672257186436795,384.02457757296463,CPU,latency_acc_live/EnergyNet_6256_143_145_inference_time.csv
EnergyNet_6294_181_145,/home/xiaolong/Downloads/GreenAuto/model_search_results/models/EnergyNet_6294_181_145.tflite,0.6846,0_1,False,1.677,1.7399,1.6716739659367397,0.07898283270669353,596.3029218843172,CPU,latency_acc_live/EnergyNet_6294_181_145_inference_time.csv
EnergyNet_636_637_37,/home/xiaolong/Downloads/GreenAuto/model_search_results/models/EnergyNet_636_637_37.tflite,0.5055,0_1,False,0.6,0.626,0.6004822729480329,0.04252903532338741,1666.6666666666667,CPU,latency_acc_live/EnergyNet_636_637_37_inference_time.csv
EnergyNet_6375_262_225,/home/xiaolong/Downloads/GreenAuto/model_search_results/models/EnergyNet_6375_262_225.tflite,0.869,0_1,False,211.555,214.3982,211.93973891625615,3.752618211882278,4.726903169388575,CPU,latency_acc_live/EnergyNet_6375_262_225_inference_time.csv
EnergyNet_6552_439_145,/home/xiaolong/Downloads/GreenAuto/model_search_results/models/EnergyNet_6552_439_145.tflite,0.7135,0_1,False,1.409,1.446,1.404501525940997,0.06599494221897112,709.7232079488999,CPU,latency_acc_live/EnergyNet_6552_439_145_inference_time.csv
EnergyNet_6600_487_9,/home/xiaolong/Downloads/GreenAuto/model_search_results/models/EnergyNet_6600_487_9.tflite,0.3393,0_1,False,0.385,0.401,0.38269853192215775,0.04464507733878728,2597.402597402597,CPU,latency_acc_live/EnergyNet_6600_487_9_inference_time.csv
EnergyNet_6694_581_145,/home/xiaolong/Downloads/GreenAuto/model_search_results/models/EnergyNet_6694_581_145.tflite,0.7593,0_1,False,1.892,2.0094,1.9004387895460797,0.09174965209979279,528.5412262156449,CPU,latency_acc_live/EnergyNet_6694_581_145_inference_time.csv
EnergyNet_6697_584_145,/home/xiaolong/Downloads/GreenAuto/model_search_results/models/EnergyNet_6697_584_145.tflite,0.7796,0_1,False,2.608,2.6998,2.6190847145488028,0.18399884949961973,383.43558282208585,CPU,latency_acc_live/EnergyNet_6697_584_145_inference_time.csv
EnergyNet_6698_585_225,/home/xiaolong/Downloads/GreenAuto/model_search_results/models/EnergyNet_6698_585_225.tflite,0.8543,0_1,False,91.31450000000001,94.5265,91.86277184466019,2.611445902248853,10.951163287320194,CPU,latency_acc_live/EnergyNet_6698_585_225_inference_time.csv
EnergyNet_6709_596_145,/home/xiaolong/Downloads/GreenAuto/model_search_results/models/EnergyNet_6709_596_145.tflite,0.7828,0_1,False,1.823,2.035,1.8423552631578948,0.1258063992962127,548.5463521667581,CPU,latency_acc_live/EnergyNet_6709_596_145_inference_time.csv
EnergyNet_6755_642_145,/home/xiaolong/Downloads/GreenAuto/model_search_results/models/EnergyNet_6755_642_145.tflite,0.7664,0_1,False,3.001,3.1502000000000003,3.023456102783726,0.1573625082216386,333.2222592469177,CPU,latency_acc_live/EnergyNet_6755_642_145_inference_time.csv
EnergyNet_6763_650_145,/home/xiaolong/Downloads/GreenAuto/model_search_results/models/EnergyNet_6763_650_145.tflite,0.7178,0_1,False,0.628,0.676,0.6302559726962458,0.052276468544633324,1592.3566878980891,CPU,latency_acc_live/EnergyNet_6763_650_145_inference_time.csv
EnergyNet_6805_692_225,/home/xiaolong/Downloads/GreenAuto/model_search_results/models/EnergyNet_6805_692_225.tflite,0.9145,0_1,False,189.72,191.7482,192.69671921182263,39.294728871424894,5.270925574530888,CPU,latency_acc_live/EnergyNet_6805_692_225_inference_time.csv
EnergyNet_6821_708_145,/home/xiaolong/Downloads/GreenAuto/model_search_results/models/EnergyNet_6821_708_145.tflite,0.676,0_1,False,1.455,1.4964,1.4534846884899681,0.06645881073866253,687.2852233676975,CPU,latency_acc_live/EnergyNet_6821_708_145_inference_time.csv
EnergyNet_6838_725_69,/home/xiaolong/Downloads/GreenAuto/model_search_results/models/EnergyNet_6838_725_69.tflite,0.1,0_1,False,0.876,0.913,0.8810955833882663,0.04516474742859956,1141.552511415525,CPU,latency_acc_live/EnergyNet_6838_725_69_inference_time.csv
EnergyNet_6869_756_145,/home/xiaolong/Downloads/GreenAuto/model_search_results/models/EnergyNet_6869_756_145.tflite,0.7738,0_1,False,3.0069999999999997,3.249,3.0386773504273505,0.23973814186833942,332.5573661456602,CPU,latency_acc_live/EnergyNet_6869_756_145_inference_time.csv
EnergyNet_6961_848_225,/home/xiaolong/Downloads/GreenAuto/model_search_results/models/EnergyNet_6961_848_225.tflite,0.8461,0_1,False,211.527,214.4726,211.79158128078814,3.1095423969243914,4.727528873382594,CPU,latency_acc_live/EnergyNet_6961_848_225_inference_time.csv
EnergyNet_6966_853_145,/home/xiaolong/Downloads/GreenAuto/model_search_results/models/EnergyNet_6966_853_145.tflite,0.5481,0_1,False,1.535,2.146,1.6850421836228289,0.312089799393627,651.4657980456027,CPU,latency_acc_live/EnergyNet_6966_853_145_inference_time.csv
EnergyNet_7025_912_9,/home/xiaolong/Downloads/GreenAuto/model_search_results/models/EnergyNet_7025_912_9.tflite,0.304,0_1,False,1.039,1.072,1.0414369616288175,0.03963144792179974,962.4639076034649,CPU,latency_acc_live/EnergyNet_7025_912_9_inference_time.csv
EnergyNet_7068_955_145,/home/xiaolong/Downloads/GreenAuto/model_search_results/models/EnergyNet_7068_955_145.tflite,0.7338,0_1,False,0.617,0.6785000000000001,0.627455522971652,0.04898900395596414,1620.745542949757,CPU,latency_acc_live/EnergyNet_7068_955_145_inference_time.csv
EnergyNet_7070_957_145,/home/xiaolong/Downloads/GreenAuto/model_search_results/models/EnergyNet_7070_957_145.tflite,0.6865,0_1,False,0.839,0.87,0.8410132325141778,0.05309490689388269,1191.8951132300358,CPU,latency_acc_live/EnergyNet_7070_957_145_inference_time.csv
EnergyNet_7087_974_145,/home/xiaolong/Downloads/GreenAuto/model_search_results/models/EnergyNet_7087_974_145.tflite,0.7487,0_1,False,2.599,2.6964,2.6141144465290806,0.18109664901056294,384.7633705271258,CPU,latency_acc_live/EnergyNet_7087_974_145_inference_time.csv
EnergyNet_7151_1038_225,/home/xiaolong/Downloads/GreenAuto/model_search_results/models/EnergyNet_7151_1038_225.tflite,0.8691,0_1,False,227.364,230.5758,227.4961921182266,3.4569989572860433,4.398233669358386,CPU,latency_acc_live/EnergyNet_7151_1038_225_inference_time.csv
EnergyNet_72_73_53,/home/xiaolong/Downloads/GreenAuto/model_search_results/models/EnergyNet_72_73_53.tflite,0.1,0_1,False,0.192,0.197,0.19688137827151195,0.05096241017328856,5208.333333333333,CPU,latency_acc_live/EnergyNet_72_73_53_inference_time.csv
EnergyNet_7391_1278_145,/home/xiaolong/Downloads/GreenAuto/model_search_results/models/EnergyNet_7391_1278_145.tflite,0.7728,0_1,False,2.587,2.657,2.5829837545126355,0.11838642025767608,386.5481252415926,CPU,latency_acc_live/EnergyNet_7391_1278_145_inference_time.csv
EnergyNet_7436_1323_145,/home/xiaolong/Downloads/GreenAuto/model_search_results/models/EnergyNet_7436_1323_145.tflite,0.6823,0_1,False,2.7765,2.8485,2.786650197628459,0.18363366331457986,360.1656762110571,CPU,latency_acc_live/EnergyNet_7436_1323_145_inference_time.csv
EnergyNet_7452_1339_145,/home/xiaolong/Downloads/GreenAuto/model_search_results/models/EnergyNet_7452_1339_145.tflite,0.7792,0_1,False,3.089,3.5919999999999996,3.1305109649122804,0.3428942920111179,323.72936225315635,CPU,latency_acc_live/EnergyNet_7452_1339_145_inference_time.csv
EnergyNet_7485_1372_137,/home/xiaolong/Downloads/GreenAuto/model_search_results/models/EnergyNet_7485_1372_137.tflite,0.5247,0_1,False,1.126,1.166,1.131856547122602,0.04248916190222553,888.0994671403198,CPU,latency_acc_live/EnergyNet_7485_1372_137_inference_time.csv
EnergyNet_7542_1429_57,/home/xiaolong/Downloads/GreenAuto/model_search_results/models/EnergyNet_7542_1429_57.tflite,0.1,0_1,False,0.656,0.691,0.6580294426919033,0.03412202349644172,1524.390243902439,CPU,latency_acc_live/EnergyNet_7542_1429_57_inference_time.csv
EnergyNet_7589_1476_145,/home/xiaolong/Downloads/GreenAuto/model_search_results/models/EnergyNet_7589_1476_145.tflite,0.7212,0_1,False,0.646,0.686,0.6394691966485955,0.048670391013984925,1547.9876160990711,CPU,latency_acc_live/EnergyNet_7589_1476_145_inference_time.csv
EnergyNet_758_759_109,/home/xiaolong/Downloads/GreenAuto/model_search_results/models/EnergyNet_758_759_109.tflite,0.6495,0_1,False,0.308,0.324,0.3165319615912209,0.05923064014125718,3246.753246753247,CPU,latency_acc_live/EnergyNet_758_759_109_inference_time.csv
EnergyNet_7666_1553_145,/home/xiaolong/Downloads/GreenAuto/model_search_results/models/EnergyNet_7666_1553_145.tflite,0.7679,0_1,False,2.033,2.1652,2.0535567010309275,0.09993227137204629,491.8839153959666,CPU,latency_acc_live/EnergyNet_7666_1553_145_inference_time.csv
EnergyNet_7692_1579_145,/home/xiaolong/Downloads/GreenAuto/model_search_results/models/EnergyNet_7692_1579_145.tflite,0.7876,0_1,False,2.597,2.663,2.6026098901098904,0.17316588791488513,385.0596842510589,CPU,latency_acc_live/EnergyNet_7692_1579_145_inference_time.csv
EnergyNet_7891_1778_145,/home/xiaolong/Downloads/GreenAuto/model_search_results/models/EnergyNet_7891_1778_145.tflite,0.6799,0_1,False,0.841,0.89,0.8374130710659898,0.05297496110686762,1189.0606420927468,CPU,latency_acc_live/EnergyNet_7891_1778_145_inference_time.csv
EnergyNet_8002_1889_145,/home/xiaolong/Downloads/GreenAuto/model_search_results/models/EnergyNet_8002_1889_145.tflite,0.7587,0_1,False,3.782,3.8731000000000004,3.787513157894737,0.21010122205994028,264.41036488630357,CPU,latency_acc_live/EnergyNet_8002_1889_145_inference_time.csv
EnergyNet_8004_1891_145,/home/xiaolong/Downloads/GreenAuto/model_search_results/models/EnergyNet_8004_1891_145.tflite,0.7685,0_1,False,3.5709999999999997,3.8040000000000003,3.589416666666667,0.1679676965846695,280.03360403248394,CPU,latency_acc_live/EnergyNet_8004_1891_145_inference_time.csv
EnergyNet_8009_1896_225,/home/xiaolong/Downloads/GreenAuto/model_search_results/models/EnergyNet_8009_1896_225.tflite,0.8669,0_1,False,204.887,208.564,208.2557290640394,43.41754566822844,4.880739139135231,CPU,latency_acc_live/EnergyNet_8009_1896_225_inference_time.csv
EnergyNet_8019_1906_145,/home/xiaolong/Downloads/GreenAuto/model_search_results/models/EnergyNet_8019_1906_145.tflite,0.6713,0_1,False,0.73,0.774,0.7295464387464388,0.0694987874834982,1369.86301369863,CPU,latency_acc_live/EnergyNet_8019_1906_145_inference_time.csv
EnergyNet_8029_1916_145,/home/xiaolong/Downloads/GreenAuto/model_search_results/models/EnergyNet_8029_1916_145.tflite,0.7206,0_1,False,3.595,3.723,3.6129669211195927,0.26089308627889823,278.164116828929,CPU,latency_acc_live/EnergyNet_8029_1916_145_inference_time.csv
EnergyNet_8061_1948_25,/home/xiaolong/Downloads/GreenAuto/model_search_results/models/EnergyNet_8061_1948_25.tflite,0.4034,0_1,False,0.662,0.71,0.6795182443151772,0.07256678799944129,1510.5740181268882,CPU,latency_acc_live/EnergyNet_8061_1948_25_inference_time.csv
EnergyNet_8078_1965_145,/home/xiaolong/Downloads/GreenAuto/model_search_results/models/EnergyNet_8078_1965_145.tflite,0.6441,0_1,False,1.693,1.754,1.6878409371146732,0.07169718553006058,590.6674542232723,CPU,latency_acc_live/EnergyNet_8078_1965_145_inference_time.csv
EnergyNet_8127_2014_17,/home/xiaolong/Downloads/GreenAuto/model_search_results/models/EnergyNet_8127_2014_17.tflite,0.2165,0_1,False,0.304,0.321,0.3008956844812804,0.02673581722151642,3289.4736842105262,CPU,latency_acc_live/EnergyNet_8127_2014_17_inference_time.csv
EnergyNet_8136_2023_145,/home/xiaolong/Downloads/GreenAuto/model_search_results/models/EnergyNet_8136_2023_145.tflite,0.6878,0_1,False,1.6364999999999998,1.735,1.647742822966507,0.08412540271228748,611.0601894286588,CPU,latency_acc_live/EnergyNet_8136_2023_145_inference_time.csv
EnergyNet_8160_2047_225,/home/xiaolong/Downloads/GreenAuto/model_search_results/models/EnergyNet_8160_2047_225.tflite,0.8407,0_1,False,78.461,81.208,78.34628019323672,2.7145606238264324,12.745185506175043,CPU,latency_acc_live/EnergyNet_8160_2047_225_inference_time.csv
EnergyNet_8162_2049_209,/home/xiaolong/Downloads/GreenAuto/model_search_results/models/EnergyNet_8162_2049_209.tflite,0.86,0_1,False,64.75,70.22370000000001,66.11967307692308,2.9929574450902745,15.444015444015443,CPU,latency_acc_live/EnergyNet_8162_2049_209_inference_time.csv
EnergyNet_8163_2050_145,/home/xiaolong/Downloads/GreenAuto/model_search_results/models/EnergyNet_8163_2050_145.tflite,0.5506,0_1,False,2.412,2.646,2.4547583187390543,0.15814788711717018,414.5936981757877,CPU,latency_acc_live/EnergyNet_8163_2050_145_inference_time.csv
EnergyNet_8194_2081_145,/home/xiaolong/Downloads/GreenAuto/model_search_results/models/EnergyNet_8194_2081_145.tflite,0.7074,0_1,False,3.146,3.2546999999999997,3.1701463963963965,0.2112582398000382,317.8639542275906,CPU,latency_acc_live/EnergyNet_8194_2081_145_inference_time.csv
EnergyNet_8205_2092_225,/home/xiaolong/Downloads/GreenAuto/model_search_results/models/EnergyNet_8205_2092_225.tflite,0.8505,0_1,False,69.858,73.1148,70.19530917874395,2.222757518609285,14.314752784219415,CPU,latency_acc_live/EnergyNet_8205_2092_225_inference_time.csv
EnergyNet_8290_2177_145,/home/xiaolong/Downloads/GreenAuto/model_search_results/models/EnergyNet_8290_2177_145.tflite,0.7708,0_1,False,3.0595,3.1065,3.0578841201716735,0.16237191546687008,326.8507926131721,CPU,latency_acc_live/EnergyNet_8290_2177_145_inference_time.csv
EnergyNet_8297_2184_145,/home/xiaolong/Downloads/GreenAuto/model_search_results/models/EnergyNet_8297_2184_145.tflite,0.7269,0_1,False,2.649,2.729,2.6333401869158877,0.1036528361458892,377.5009437523594,CPU,latency_acc_live/EnergyNet_8297_2184_145_inference_time.csv
EnergyNet_8309_2196_225,/home/xiaolong/Downloads/GreenAuto/model_search_results/models/EnergyNet_8309_2196_225.tflite,0.9198,0_1,False,57.154,61.2516,57.97972248803827,2.7452774168079834,17.496588165307763,CPU,latency_acc_live/EnergyNet_8309_2196_225_inference_time.csv
EnergyNet_8394_2281_225,/home/xiaolong/Downloads/GreenAuto/model_search_results/models/EnergyNet_8394_2281_225.tflite,0.812,0_1,False,91.025,94.3475,91.4771359223301,2.3494569649322816,10.985992859104641,CPU,latency_acc_live/EnergyNet_8394_2281_225_inference_time.csv
EnergyNet_8401_2288_145,/home/xiaolong/Downloads/GreenAuto/model_search_results/models/EnergyNet_8401_2288_145.tflite,0.8309,0_1,False,2.813,3.038,2.8676282828282824,0.18744274602786168,355.4923569143263,CPU,latency_acc_live/EnergyNet_8401_2288_145_inference_time.csv
EnergyNet_8421_2308_121,/home/xiaolong/Downloads/GreenAuto/model_search_results/models/EnergyNet_8421_2308_121.tflite,0.1,0_1,False,1.022,1.081,1.0284263199369583,0.07154857145985863,978.4735812133072,CPU,latency_acc_live/EnergyNet_8421_2308_121_inference_time.csv
EnergyNet_8428_2315_145,/home/xiaolong/Downloads/GreenAuto/model_search_results/models/EnergyNet_8428_2315_145.tflite,0.8143,0_1,False,1.895,1.9658,1.9098046767537824,0.14607374230147388,527.7044854881267,CPU,latency_acc_live/EnergyNet_8428_2315_145_inference_time.csv
EnergyNet_8431_2318_145,/home/xiaolong/Downloads/GreenAuto/model_search_results/models/EnergyNet_8431_2318_145.tflite,0.717,0_1,False,0.618,0.702,0.6382345739471107,0.07502004511456162,1618.1229773462783,CPU,latency_acc_live/EnergyNet_8431_2318_145_inference_time.csv
EnergyNet_854_855_21,/home/xiaolong/Downloads/GreenAuto/model_search_results/models/EnergyNet_854_855_21.tflite,0.4494,0_1,False,0.505,0.553,0.5195627476882432,0.07146087975455362,1980.19801980198,CPU,latency_acc_live/EnergyNet_854_855_21_inference_time.csv
EnergyNet_8767_2654_225,/home/xiaolong/Downloads/GreenAuto/model_search_results/models/EnergyNet_8767_2654_225.tflite,0.7671,0_1,False,73.602,76.0934,73.60882125603864,1.8222971917355077,13.586587320996712,CPU,latency_acc_live/EnergyNet_8767_2654_225_inference_time.csv
EnergyNet_8775_2662_145,/home/xiaolong/Downloads/GreenAuto/model_search_results/models/EnergyNet_8775_2662_145.tflite,0.7334,0_1,False,3.4074999999999998,3.487,3.401788095238096,0.10808643080860479,293.470286133529,CPU,latency_acc_live/EnergyNet_8775_2662_145_inference_time.csv
EnergyNet_8789_2676_145,/home/xiaolong/Downloads/GreenAuto/model_search_results/models/EnergyNet_8789_2676_145.tflite,0.649,0_1,False,1.689,1.906,1.7269537499999998,0.11385443167017038,592.0663114268798,CPU,latency_acc_live/EnergyNet_8789_2676_145_inference_time.csv
EnergyNet_8857_2744_145,/home/xiaolong/Downloads/GreenAuto/model_search_results/models/EnergyNet_8857_2744_145.tflite,0.8105,0_1,False,1.574,1.662,1.5842551724137932,0.09073454620785287,635.3240152477763,CPU,latency_acc_live/EnergyNet_8857_2744_145_inference_time.csv
EnergyNet_8946_2833_225,/home/xiaolong/Downloads/GreenAuto/model_search_results/models/EnergyNet_8946_2833_225.tflite,0.8644,0_1,False,369.1055,372.6229,375.67453465346534,57.586548079427764,2.7092525036879698,CPU,latency_acc_live/EnergyNet_8946_2833_225_inference_time.csv
EnergyNet_8978_2865_225,/home/xiaolong/Downloads/GreenAuto/model_search_results/models/EnergyNet_8978_2865_225.tflite,0.8598,0_1,False,69.963,72.81700000000001,70.14384541062802,2.162959440516516,14.293269299486873,CPU,latency_acc_live/EnergyNet_8978_2865_225_inference_time.csv
EnergyNet_8985_2872_145,/home/xiaolong/Downloads/GreenAuto/model_search_results/models/EnergyNet_8985_2872_145.tflite,0.7147,0_1,False,2.648,2.7127,2.65690074906367,0.1654923294990871,377.64350453172204,CPU,latency_acc_live/EnergyNet_8985_2872_145_inference_time.csv
EnergyNet_9020_2907_145,/home/xiaolong/Downloads/GreenAuto/model_search_results/models/EnergyNet_9020_2907_145.tflite,0.6774,0_1,False,0.946,0.973,0.9435185979971389,0.05013761474522436,1057.0824524312898,CPU,latency_acc_live/EnergyNet_9020_2907_145_inference_time.csv
EnergyNet_9069_2956_145,/home/xiaolong/Downloads/GreenAuto/model_search_results/models/EnergyNet_9069_2956_145.tflite,0.7734,0_1,False,1.831,2.055,1.85484036939314,0.13870081164620032,546.1496450027307,CPU,latency_acc_live/EnergyNet_9069_2956_145_inference_time.csv
EnergyNet_9070_2957_145,/home/xiaolong/Downloads/GreenAuto/model_search_results/models/EnergyNet_9070_2957_145.tflite,0.8297,0_1,False,2.755,2.837,2.7543287671232877,0.16807539990456322,362.97640653357536,CPU,latency_acc_live/EnergyNet_9070_2957_145_inference_time.csv
EnergyNet_9084_2971_5,/home/xiaolong/Downloads/GreenAuto/model_search_results/models/EnergyNet_9084_2971_5.tflite,0.2853,0_1,False,1.045,1.0854000000000001,1.0533524264120924,0.046062294603810325,956.9377990430622,CPU,latency_acc_live/EnergyNet_9084_2971_5_inference_time.csv
EnergyNet_9314_3201_145,/home/xiaolong/Downloads/GreenAuto/model_search_results/models/EnergyNet_9314_3201_145.tflite,0.6815,0_1,False,1.655,1.737,1.6588495788206978,0.08913851764383778,604.2296072507553,CPU,latency_acc_live/EnergyNet_9314_3201_145_inference_time.csv
EnergyNet_9371_3258_145,/home/xiaolong/Downloads/GreenAuto/model_search_results/models/EnergyNet_9371_3258_145.tflite,0.6735,0_1,False,0.724,0.782,0.7283680875576037,0.06887123074254106,1381.2154696132598,CPU,latency_acc_live/EnergyNet_9371_3258_145_inference_time.csv
EnergyNet_9431_3318_145,/home/xiaolong/Downloads/GreenAuto/model_search_results/models/EnergyNet_9431_3318_145.tflite,0.7445,0_1,False,2.614,2.7177,2.624312734082397,0.17580737657467008,382.5554705432288,CPU,latency_acc_live/EnergyNet_9431_3318_145_inference_time.csv
EnergyNet_9515_3402_1,/home/xiaolong/Downloads/GreenAuto/model_search_results/models/EnergyNet_9515_3402_1.tflite,0.2577,0_1,False,0.683,0.7101000000000001,0.6859880434782609,0.035882838766061305,1464.1288433382138,CPU,latency_acc_live/EnergyNet_9515_3402_1_inference_time.csv
EnergyNet_9702_3589_145,/home/xiaolong/Downloads/GreenAuto/model_search_results/models/EnergyNet_9702_3589_145.tflite,0.6795,0_1,False,0.844,0.88,0.8463348101265823,0.05490221390848055,1184.8341232227488,CPU,latency_acc_live/EnergyNet_9702_3589_145_inference_time.csv
EnergyNet_9732_3619_145,/home/xiaolong/Downloads/GreenAuto/model_search_results/models/EnergyNet_9732_3619_145.tflite,0.688,0_1,False,0.823,0.876,0.8207136618839675,0.052166055048438756,1215.0668286755772,CPU,latency_acc_live/EnergyNet_9732_3619_145_inference_time.csv
EnergyNet_9782_3669_145,/home/xiaolong/Downloads/GreenAuto/model_search_results/models/EnergyNet_9782_3669_145.tflite,0.7389,0_1,False,3.437,3.5602,3.443551807228915,0.21198432901926023,290.9514111143439,CPU,latency_acc_live/EnergyNet_9782_3669_145_inference_time.csv
EnergyNet_9809_3696_225,/home/xiaolong/Downloads/GreenAuto/model_search_results/models/EnergyNet_9809_3696_225.tflite,0.818,0_1,False,191.15,193.4856,191.70108374384236,2.4730700805939247,5.23149359142035,CPU,latency_acc_live/EnergyNet_9809_3696_225_inference_time.csv
EnergyNet_9889_3776_145,/home/xiaolong/Downloads/GreenAuto/model_search_results/models/EnergyNet_9889_3776_145.tflite,0.7237,0_1,False,0.899,0.945,0.8893529014844804,0.0557317197235943,1112.3470522803113,CPU,latency_acc_live/EnergyNet_9889_3776_145_inference_time.csv
EnergyNet_9895_3782_145,/home/xiaolong/Downloads/GreenAuto/model_search_results/models/EnergyNet_9895_3782_145.tflite,0.7831,0_1,False,1.813,2.018,1.8415978975032854,0.17152308724138196,551.5719801434087,CPU,latency_acc_live/EnergyNet_9895_3782_145_inference_time.csv
EnergyNet_993_994_1,/home/xiaolong/Downloads/GreenAuto/model_search_results/models/EnergyNet_993_994_1.tflite,0.2915,0_1,False,0.388,0.409,0.3882371169916435,0.04082780916433081,2577.319587628866,CPU,latency_acc_live/EnergyNet_993_994_1_inference_time.csv
EnergyNet_9947_3834_9,/home/xiaolong/Downloads/GreenAuto/model_search_results/models/EnergyNet_9947_3834_9.tflite,0.1,0_1,False,0.137,0.143,0.13563063332834255,0.01913595370300432,7299.2700729927,CPU,latency_acc_live/EnergyNet_9947_3834_9_inference_time.csv
EnergyNet_9965_3852_225,/home/xiaolong/Downloads/GreenAuto/model_search_results/models/EnergyNet_9965_3852_225.tflite,0.8037,0_1,False,218.047,220.6334,219.93260098522168,28.226978544595298,4.586167202483868,CPU,latency_acc_live/EnergyNet_9965_3852_225_inference_time.csv
EnergyNet_9997_3884_145,/home/xiaolong/Downloads/GreenAuto/model_search_results/models/EnergyNet_9997_3884_145.tflite,0.7362,0_1,False,2.629,2.72,2.628785046728972,0.1077836035626961,380.3727653100038,CPU,latency_acc_live/EnergyNet_9997_3884_145_inference_time.csv
mnv2_cifar10_fp32,/home/xiaolong/Downloads/GreenAuto/demo/mnv2_cifar10_export/mnv2_cifar10_fp32.tflite,,mobilenet,True,1.038,1.1459,1.052557389937107,0.10099082953313805,963.3911368015414,CPU,latency_acc_live/mnv2_cifar10_fp32_inference_time.csv
MobileNetV2,/home/xiaolong/Downloads/mobilenet-v2-tflite-1-0-224-v1/MobileNetV2.tflite,,mobilenet,True,26.239,28.8511,26.803825688073395,1.7676565154948274,38.11120850642174,CPU,latency_acc_live/MobileNetV2_inference_time.csv
